<?xml version="1.0" encoding="UTF-8"?>
<beans xmlns="http://www.springframework.org/schema/beans"
	xmlns:xsi="http://www.w3.org/2001/XMLSchema-instance" xmlns:p="http://www.springframework.org/schema/p"
	xmlns:context="http://www.springframework.org/schema/context"
	xmlns:dubbo="http://code.alibabatech.com/schema/dubbo"
	xmlns:mvc="http://www.springframework.org/schema/mvc"
	xsi:schemaLocation="http://www.springframework.org/schema/beans http://www.springframework.org/schema/beans/spring-beans-4.2.xsd
		http://code.alibabatech.com/schema/dubbo http://code.alibabatech.com/schema/dubbo/dubbo.xsd
        http://www.springframework.org/schema/mvc http://www.springframework.org/schema/mvc/spring-mvc-4.2.xsd
        http://www.springframework.org/schema/context http://www.springframework.org/schema/context/spring-context-4.2.xsd">

	<!-- 加载配置文件 -->
	<context:property-placeholder location="classpath:conf/resource.properties" />
	
	<context:component-scan base-package="cn.e3mall.cart.controller" />
	<mvc:annotation-driven />
	<bean
		class="org.springframework.web.servlet.view.InternalResourceViewResolver">
		<property name="prefix" value="/WEB-INF/jsp/" />
		<property name="suffix" value=".jsp" />
	</bean>
	<!-- 拦截器配置 -->
	<mvc:interceptors>
		<mvc:interceptor>
			<mvc:mapping path="/**"/>
			<bean class="cn.e3mall.cart.interceptor.LoginInterceptor"/>
		</mvc:interceptor>
	</mvc:interceptors>
	<!-- 引用dubbo服务 -->
	<dubbo:application name="e3-cart-web"/>
	<dubbo:registry protocol="zookeeper" address="192.168.25.128:2181"/>	
	<dubbo:reference interface="cn.e3mall.service.ItemService" id="itemService" />
	<dubbo:reference interface="cn.e3mall.sso.service.TokenService" id="tokenService" />
	<dubbo:reference interface="cn.e3mall.cart.service.CartService" id="cartService" />
</beans>