<?xml version="1.0" encoding="UTF-8"?>
<beans xmlns="http://www.springframework.org/schema/beans"
	xmlns:xsi="http://www.w3.org/2001/XMLSchema-instance" xmlns:p="http://www.springframework.org/schema/p"
	xmlns:context="http://www.springframework.org/schema/context"
	xmlns:dubbo="http://code.alibabatech.com/schema/dubbo"
	xmlns:mvc="http://www.springframework.org/schema/mvc"
	xsi:schemaLocation="http://www.springframework.org/schema/beans http://www.springframework.org/schema/beans/spring-beans-4.2.xsd
		http://code.alibabatech.com/schema/dubbo http://code.alibabatech.com/schema/dubbo/dubbo.xsd
        http://www.springframework.org/schema/mvc http://www.springframework.org/schema/mvc/spring-mvc-4.2.xsd
        http://www.springframework.org/schema/context http://www.springframework.org/schema/context/spring-context-4.2.xsd">

	<!-- 加载配置文件 -->
	<context:property-placeholder location="classpath:conf/resource.properties" />
	
	<context:component-scan base-package="cn.e3mall.controller" />
	<mvc:annotation-driven />
	<bean
		class="org.springframework.web.servlet.view.InternalResourceViewResolver">
		<property name="prefix" value="/WEB-INF/jsp/" />
		<property name="suffix" value=".jsp" />
	</bean>
	<!-- 配置资源映射 -->
	<mvc:resources location="/css/" mapping="/css/**"/>
	<mvc:resources location="/js/" mapping="/js/**"/>
	<!-- 配置多媒体解析器 -->
	<!-- 定义文件上传解析器 -->
	<bean id="multipartResolver"
		class="org.springframework.web.multipart.commons.CommonsMultipartResolver">
		<!-- 设定默认编码 -->
		<property name="defaultEncoding" value="UTF-8"></property>
		<!-- 设定文件上传的最大值5MB，5*1024*1024 -->
		<property name="maxUploadSize" value="5242880"></property>
	</bean>
	<!-- 引用dubbo服务 -->
	<dubbo:application name="e3-manager-web"/>
	<dubbo:registry protocol="zookeeper" address="192.168.25.128:2181"/>	
	<dubbo:reference interface="cn.e3mall.service.ItemService" id="itemService" />
	<dubbo:reference interface="cn.e3mall.service.ItemCatService" id="itemCatService" />
	<dubbo:reference interface="cn.e3mall.content.service.ContentCategoryService" id="contentCategoryService" />
	<dubbo:reference interface="cn.e3mall.content.service.ContentService" id="contentService" />
	<dubbo:reference interface="cn.e3mall.search.service.SearchItemService" id="searchItemService" />
</beans>